,naver,unsplash,google,flickr
chill dance,199,200,185,200
sad,191,200,184,200
club,200,200,187,200
sleep,200,200,185,200
work,200,200,181,200
running,200,200,181,200
workout,200,200,183,200
dance summer,200,200,178,200
chill work,200,200,199,200
gym party,200,200,177,200
happy,199,200,230,200
party work,200,200,179,200
dance party,200,200,186,200
chill party,200,200,203,200
party,195,201,212,200
chill summer,200,200,213,200
relax,200,200,205,200
gym,200,200,187,200
chill,200,200,184,200
party summer,199,200,188,200
summer,200,200,187,200
car chill,200,200,182,200
party running,199,200,187,200
dance gym,200,200,186,200
chill night,200,200,205,200
car,200,200,185,200
dance,200,200,183,200
night,199,200,190,200
